detector,eval_set,n,n_pos,threshold,precision,recall,f1,balanced_acc,fpr,accuracy,auc,auc_lo,auc_hi
HHEM@0.5,benchmark test,2000,834,0.5,0.7792397660818714,0.6390887290167866,0.7022397891963109,0.7547930780589936,0.12950257289879932,0.774,0.8201850183660961,0.800797217374093,0.8394983472325646
HHEM@0.5,benchmark: RAGTruth,1000,345,0.5,0.7121771217712177,0.5594202898550724,0.6266233766233766,0.7201681601947119,0.11908396946564885,0.77,0.8372032304458458,0.8122194290587731,0.8610298294501257
HHEM@0.5,benchmark: HaluEval,1000,489,0.5,0.8232445520581114,0.6952965235173824,0.753880266075388,0.7762196903301197,0.14285714285714285,0.778,0.7905666342509775,0.7618309611768378,0.8212473332747198
HHEM@0.5,injected (ours),96,48,0.5,0.7413793103448276,0.8958333333333334,0.8113207547169812,0.7916666666666667,0.3125,0.7916666666666666,0.9192708333333334,0.8545235463624521,0.967391304347826
HHEM@0.5,human-labelled (ours),53,2,0.5,0.0625,0.5,0.1111111111111111,0.6029411764705883,0.29411764705882354,0.6981132075471698,0.5196078431372548,0.039215686274509776,0.9807692307692307
HHEM (tuned),benchmark test,2000,834,0.319,0.6875,0.7649880095923262,0.7241770715096482,0.7581372294959916,0.24871355060034306,0.757,0.8201850183660961,0.800797217374093,0.8394983472325646
HHEM (tuned),benchmark: RAGTruth,1000,345,0.319,0.655940594059406,0.7681159420289855,0.7076101468624834,0.7779511007854851,0.21221374045801528,0.781,0.8372032304458458,0.8122194290587731,0.8610298294501257
HHEM (tuned),benchmark: HaluEval,1000,489,0.319,0.7118320610687023,0.7627811860940695,0.736426456071076,0.7336410822838253,0.29549902152641877,0.733,0.7905666342509775,0.7618309611768378,0.8212473332747198
HHEM (tuned),injected (ours),96,48,0.319,0.6911764705882353,0.9791666666666666,0.8103448275862069,0.7708333333333333,0.4375,0.7708333333333334,0.9192708333333334,0.8545235463624521,0.967391304347826
HHEM (tuned),human-labelled (ours),53,2,0.319,0.045454545454545456,0.5,0.08333333333333333,0.5441176470588236,0.4117647058823529,0.5849056603773585,0.5196078431372548,0.039215686274509776,0.9807692307692307
DeBERTa-LoRA (tuned),benchmark test,2000,834,0.687,0.9094488188976378,0.8309352517985612,0.868421052631579,0.8858792897071708,0.05917667238421955,0.895,0.9520445393256579,0.9429210254133374,0.9600433267877462
DeBERTa-LoRA (tuned),benchmark: RAGTruth,1000,345,0.687,0.7781818181818182,0.6202898550724638,0.6903225806451613,0.7635800420400487,0.09312977099236641,0.808,0.8350525500608474,0.8067399201219377,0.8617227066738229
DeBERTa-LoRA (tuned),benchmark: HaluEval,1000,489,0.687,0.9835728952772074,0.9795501022494888,0.9815573770491803,0.9819472624750379,0.015655577299412915,0.982,0.9964342741887073,0.9934116412025772,0.9986799428193393
DeBERTa-LoRA (tuned),injected (ours),96,48,0.687,0.5333333333333333,0.8333333333333334,0.6504065040650406,0.5520833333333334,0.7291666666666666,0.5520833333333334,0.537109375,0.4253732659215321,0.6516992730898505
DeBERTa-LoRA (tuned),human-labelled (ours),53,2,0.687,0.05263157894736842,1.0,0.1,0.6470588235294118,0.7058823529411765,0.32075471698113206,0.5196078431372549,0.27450980392156865,0.7557499999999994
